ID,BG,IP,EA,PAH DPO
C71.10,1.8206211,5.0635089,3.2428878,4.25
C71.11,1.847559,5.0077284,3.1601694,4.25
C71.12,1.858443,5.0697672,3.2113242,4.25
C71.13,1.8581709,5.0694951,3.2113242,4.25
C71.14,1.8478311,5.0063679,3.1585368,4.25
C71.15,1.820349,5.0607879,3.2404389,4.25
C71.16,1.8187164,5.099154,3.2804376,4.25
C71.17,1.8195327,5.0825559,3.2630232,4.25
C71.18,1.8336819,5.0090889,3.175407,4.25
C71.5,1.891095,4.9696344,3.0785394,4.25
C71.6,1.8573546,5.0316732,3.1743186,4.25
C71.7,1.828512,5.0278638,3.1993518,4.25
C71.8,1.8208932,5.090991,3.2700978,4.25
C71.9,1.8198048,5.1040518,3.284247,4.25
C721,2.34006,5.3448603,3.0048003,3.37
C722,2.2845516,5.338602,3.0540504,3.37
C723,2.2918983,5.2689444,2.9770461,3.37
C727,2.3365227,5.2909845,2.9544618,3.37
C728,2.3623722,5.2077219,2.8453497,3.37
C731,2.1874119,5.259693,3.0722811,3.78
C732,2.135985,5.2531626,3.1171776,3.78
C733,2.1433317,5.2221432,3.0788115,3.78
C735,2.1748953,5.2177896,3.0428943,3.78
C736,2.1893166,5.159016,2.9696994,3.78
C741,2.5392372,5.4245856,2.8853484,3.25
C742,2.4518931,5.3987361,2.946843,3.25
C743,2.4524373,5.3892126,2.9367753,3.25
C746,2.5248159,5.3764239,2.851608,3.25
C747,2.5463118,5.3951988,2.848887,3.25
C751,2.3601954,5.3805054,3.02031,3.2
C752,2.3746167,5.3372415,2.9626248,3.2
C755,2.4181527,5.349486,2.9313333,3.2
C756,2.4303972,5.27874,2.8483428,3.2
C757,2.3650932,5.4033618,3.0382686,3.2
C761,2.8279353,5.610702,2.7827667,2.63
C762,2.7403191,5.5894782,2.8491591,2.63
C767,2.8303842,5.572608,2.7422238,2.63
C768,2.8426287,5.5092087,2.66658,2.63
C771,2.7092997,5.5339698,2.8246701,2.85
C772,2.6317512,5.5225416,2.8907904,2.85
C773,2.6439957,5.4980526,2.8540569,2.85
C778,2.6984157,5.4656727,2.767257,2.85
C779,2.707395,5.4439047,2.7365097,2.85
C782,2.9762298,5.6809038,2.704674,2.27
C785,3.0496968,5.6934204,2.6437236,2.27
C786,3.0559551,5.6251233,2.5691682,2.27
C787,2.9879301,5.7258003,2.7378702,2.27
C788,3.0469758,5.7029439,2.6559681,2.27
C789,3.0491526,5.6436261,2.5944735,2.27
C791,2.6042691,5.4596865,2.8554174,3.27
C792,2.5207344,5.4289392,2.9082048,3.27
C793,2.5408698,5.4199599,2.8790901,3.27
C798,2.5901199,5.4207762,2.8306563,3.27
C7101,3.1873794,5.7013113,2.5139319,1.83
C7102,3.0260241,5.6074368,2.5814127,1.83
C7104,3.1637067,5.6645778,2.5008711,1.83
C7105,3.2061543,5.7391332,2.5329789,1.83
C7111,3.2086032,5.7347796,2.5261764,1.92
C7112,3.0369081,5.651517,2.6146089,1.92
C7114,3.1462923,5.6610405,2.5147482,1.92
C7115,3.2864238,5.7900159,2.5035921,1.92
C7116,3.1166334,5.7350517,2.6184183,1.92
C7121,2.7650802,5.5546494,2.7895692,2.68
C7123,2.8336494,5.5734243,2.7397749,2.68
C7124,2.832561,5.5448538,2.7122928,2.68
C7125,2.7860319,5.6128788,2.8268469,2.68
C7126,2.8390914,5.5775058,2.7384144,2.68
C7131,2.9095653,5.5467585,2.6371932,2.1
C7135,3.0935049,5.5913829,2.497878,2.1
C7136,3.0750021,5.6964135,2.6214114,2.1
C7137,3.0788115,5.5837641,2.5049526,2.1
C7138,3.082893,5.6436261,2.5607331,2.1
C7132,3.0671112,5.6964135,2.6293023,2.1
C7133,3.0072492,5.6866179,2.6793687,2.1
C7134,3.080172,5.6904273,2.6102553,2.1
C7144,2.8750086,5.553561,2.6785524,2.1
C7145,3.0282009,5.637912,2.6097111,2.1
C7146,2.9558223,5.6458029,2.6899806,2.1
C7147,2.9824881,5.6392725,2.6567844,2.1
C7148,2.979495,5.5652613,2.5857663,2.1
C7151,3.4162155,5.8966791,2.4804636,1.28
C7152,3.4192086,5.8749111,2.4557025,1.28
C7153,3.5160762,5.9622552,2.446179,1.28
C7161,3.4262832,5.8566804,2.4303972,1.48
C7162,3.3966243,5.7625338,2.3659095,1.48
C7167,3.4385277,5.8939581,2.4554304,1.48
C7168,3.3843798,5.8302867,2.4459069,1.48
C7171,3.7430076,5.9391267,2.1961191,1.08
C7172,3.6099507,5.8395381,2.2295874,1.08
C7176,3.6145764,5.8485174,2.233941,1.08
C7177,3.6564798,5.9744997,2.3180199,1.08
C7178,3.681513,5.9179029,2.2363899,1.08
C7181,3.7193349,6.0359943,2.3166594,0.92
C7182,3.654303,6.0291918,2.3748888,0.92
C7183,3.7100835,5.9391267,2.2290432,0.92
C7184,3.6251883,5.9121888,2.2870005,0.92
C7185,3.6866829,5.9693298,2.2826469,0.92
C7195,3.752259,6.1045635,2.3523045,0.67
C81.10,1.5068898,4.9135818,3.406692,5
C81.11,1.5079782,4.8665085,3.3585303,5
C81.12,1.5313788,4.8183468,3.286968,5
C81.13,1.5381813,4.8803856,3.3422043,5
C81.14,1.5379092,4.8801135,3.3422043,5
C81.15,1.5316509,4.8175305,3.2858796,5
C81.16,1.5079782,4.865148,3.3571698,5
C81.17,1.5063456,4.9111329,3.4047873,5
C81.18,1.5098829,4.9228332,3.4129503,5
C81.19,1.5066177,4.8855555,3.3789378,5
C81.20,1.521039,4.8126327,3.2915937,5
C81.5,1.5384534,4.8441963,3.3057429,5
C81.6,1.5490653,4.7677362,3.2186709,5
C81.7,1.515597,4.8295029,3.3139059,5
C81.8,1.507434,4.8920859,3.3846519,5
C81.9,1.5104271,4.9263705,3.4159434,5
C821,1.910142,5.0969772,3.1868352,4.17
C822,1.8668781,5.1203778,3.2534997,4.17
C823,1.880211,5.0107215,3.1305105,4.17
C826,1.9093257,5.0436456,3.1343199,4.17
C827,1.9308216,4.9601109,3.0292893,4.17
C831,1.7953158,5.0343942,3.2390784,4.58
C832,1.7542287,5.0626926,3.3084639,4.58
C833,1.7697384,4.9835115,3.2137731,4.58
C836,1.7847039,4.9924908,3.2077869,4.58
C837,1.7996694,4.9260984,3.126429,4.58
C841,2.1076866,5.2030962,3.0954096,4.1
C842,2.0529945,5.1911238,3.1381293,4.1
C851,2.0782998,5.1693558,3.091056,3.89
C852,2.0173494,5.139969,3.1226196,3.89
C856,2.0878233,5.1576555,3.0698322,3.89
C857,2.0742183,5.1092217,3.0350034,3.89
C861,2.2453692,5.1941169,2.9487477,3.08
C862,2.1188427,5.0667741,2.9479314,3.08
C863,2.2671372,5.2153407,2.9482035,3.08
C864,2.2470018,5.2354761,2.9884743,3.08
C865,2.1999285,5.2060893,3.0061608,3.08
C871,2.7193674,5.5244463,2.8050789,2.73
C872,2.6369211,5.4705705,2.8336494,2.73
C877,2.7280746,5.4893454,2.7612708,2.73
C878,2.7552846,5.4648564,2.7095718,2.73
C883,2.9765019,5.6229465,2.6464446,2.43
C884,2.9335101,5.586213,2.6527029,2.43
C886,3.0064329,5.5843083,2.5778754,2.43
C887,2.93868,5.5157391,2.5770591,2.43
C893,1.9038837,5.0300406,3.1261569,4
C894,1.8725922,5.1356154,3.2630232,4
C895,1.912863,5.1065007,3.1936377,4
C8101,3.1120077,5.7785877,2.66658,1.85
C8111,2.8309284,5.6101578,2.7792294,2.43
C8114,2.9147352,5.6232186,2.7084834,2.43
C8115,2.916912,5.6036274,2.6867154,2.43
C8123,3.5111784,5.8259331,2.3147547,1.19
C8124,3.5800197,5.8727343,2.2927146,1.19
C8125,3.605325,5.920896,2.315571,1.19
C8131,2.8355541,5.5941039,2.7585498,2.6
C8132,2.750931,5.5810431,2.8301121,2.6
C8141,2.3691747,5.357649,2.9884743,3.34
C8142,2.3112174,5.3489418,3.0377244,3.34
C8143,2.3044149,5.2613256,2.9569107,3.34
C8151,1.9384404,5.1459552,3.2075148,4
C8156,1.9928604,5.0221497,3.0292893,4
C8157,1.9476918,5.0953446,3.1476528,4
C8158,1.9392567,5.1500367,3.21078,4
C71.1,1.858443,5.0697672,3.2113242,4.25
C71.3,1.874769,4.9965723,3.1218033,4.25
C71.4,1.8818436,4.9690902,3.0872466,4.25
C71.2,1.8173559,5.0988819,3.281526,4.25
C724,2.3865891,5.2077219,2.8211328,3.37
C725,2.3947521,5.1816003,2.7868482,3.37
C726,2.389038,5.2237758,2.8347378,3.37
C734,2.2225128,5.148132,2.9256192,3.78
C744,2.5327068,5.3301669,2.7974601,3.25
C745,2.5656309,5.3407788,2.7751479,3.25
C753,2.4429138,5.3122083,2.8692945,3.2
C754,2.4739332,5.2839099,2.8099767,3.2
C763,2.854329,5.3742471,2.5199181,2.63
C764,2.9122863,5.3584653,2.446179,2.63
C765,2.8894299,5.458326,2.5688961,2.63
C766,2.9098374,5.4776451,2.5678077,2.63
C774,2.7775968,5.3067663,2.5291695,2.85
C775,2.726442,5.4354696,2.7090276,2.85
C776,2.7501147,5.3606421,2.6105274,2.85
C777,2.7784131,5.3845869,2.6061738,2.85
C781,3.0924165,5.6694756,2.5770591,2.27
C783,2.9596317,5.5007736,2.5411419,2.27
C784,3.1307826,5.6087973,2.4780147,2.27
C794,2.6263092,5.1467715,2.5204623,3.27
C795,2.6516145,5.3633631,2.7117486,3.27
C796,2.6698452,5.2958823,2.6260371,3.27
C797,2.6431794,5.3587374,2.715558,3.27
C7103,3.2755398,5.6403609,2.3648211,1.83
C7113,3.2766282,5.7127395,2.4361113,1.92
C7122,2.892423,5.5165554,2.6241324,2.68
C7127,2.873376,5.5407723,2.6673963,2.68
C71310,3.1408503,5.6112462,2.4703959,2.1
C7139,3.1250685,5.5745127,2.4494442,2.1
C7141,3.0404454,5.5704312,2.5299858,2.1
C7142,2.9688831,5.5339698,2.5650867,2.1
C7143,3.0526899,5.6033553,2.5506654,2.1
C7169,3.4973013,5.8055256,2.3082243,1.48
C7173,3.7128045,5.9856558,2.2728513,1.08
C7174,3.5941689,5.8966791,2.3025102,1.08
C7175,3.662466,5.9622552,2.2997892,1.08
C7186,3.6779757,5.939943,2.2619673,0.92
C7187,3.5778429,5.790288,2.2124451,0.92
C7188,3.7996044,6.0044307,2.2048263,0.92
C7191,3.8319843,6.1146312,2.2826469,0.67
C7192,3.9394638,6.0661974,2.1267336,0.67
C7193,3.9274914,6.0272871,2.0997957,0.67
C7194,3.9688506,6.0830676,2.114217,0.67
C81.1,1.5634866,4.6904598,3.1269732,5
C81.3,1.5517863,4.8131769,3.2613906,5
C81.2,1.5569562,4.7854227,3.2284665,5
C81.4,1.5629424,4.78896,3.2260176,5
C824,1.9286448,4.8822903,2.9536455,4.17
C825,1.9441545,4.968546,3.0243915,4.17
C834,1.8298725,4.8863718,3.0564993,4.58
C835,1.8227979,4.9274589,3.104661,4.58
C843,2.1280941,5.066502,2.9384079,4.1
C844,2.1384339,5.0831001,2.9446662,4.1
C853,2.0173494,4.8711342,2.8537848,3.89
C854,2.108775,5.0689509,2.9601759,3.89
C855,2.1158496,5.071944,2.9560944,3.89
C873,2.794467,5.3339763,2.5395093,2.73
C874,2.7460332,5.3165619,2.5705287,2.73
C875,2.756373,5.3965593,2.6401863,2.73
C876,2.8211328,5.412069,2.5909362,2.73
C881,2.984937,5.6017227,2.6167857,2.43
C882,2.832561,5.5307046,2.6981436,2.43
C885,3.0412617,5.5394118,2.4981501,2.43
C888,2.9457546,5.529072,2.5833174,2.43
C889,2.9754135,5.6330142,2.6576007,2.43
C891,1.9376241,4.9620156,3.0243915,4
C892,1.9408893,4.9709949,3.0301056,4
C8102,3.2238408,5.5990017,2.3751609,1.85
C8103,3.2534997,5.7083859,2.4548862,1.85
C8104,3.2094195,5.7375006,2.5280811,1.85
C8105,3.2883285,5.6917878,2.4034593,1.85
C8112,2.9781345,5.5756011,2.5974666,2.43
C8113,2.9291565,5.4702984,2.5411419,2.43
C8117,3.0170448,5.5200927,2.5030479,2.43
C8118,2.987658,5.531793,2.544135,2.43
C8121,3.6752547,5.8762716,2.2010169,1.19
C8122,3.5490003,5.787567,2.2385667,1.19
C8126,3.5683194,5.7940974,2.225778,1.19
C8127,3.5805639,5.9040258,2.3234619,1.19
C8133,2.892423,5.4316602,2.5392372,2.6
C8134,2.870655,5.4790056,2.6083506,2.6
C8135,2.9231703,5.4371022,2.5139319,2.6
C8136,2.9286123,5.4466257,2.5180134,2.6
C8137,2.9343264,5.4264903,2.4921639,2.6
C8138,2.9024907,5.4917943,2.5893036,2.6
C8145,2.418969,5.1949332,2.7759642,3.34
C8146,2.4170643,5.232483,2.8154187,3.34
C8147,2.364549,5.2956102,2.9310612,3.34
C8148,2.3942079,5.2096266,2.8154187,3.34
C8152,2.0121795,4.9337172,2.9215377,4
C8153,1.9983024,5.0632368,3.0649344,4
C8154,2.0170773,5.036571,3.0194937,4
C8155,1.9797996,5.0975214,3.1177218,4
43_2,3.9582387,6.5510796,2.5928409,1.08
43_6,3.8866764,6.5344815,2.6478051,1.08
43_1,3.9321171,6.5606031,2.628486,1.08
43_5,3.9702111,6.5840037,2.6137926,1.08
43_7,4.0428618,6.6272676,2.5844058,1.08
44_2,3.5196135,6.4411512,2.9215377,1.7
44_4,3.4763496,6.4261857,2.9498361,1.7
44_5,3.5495445,6.4427838,2.8932393,1.7
44_8,3.1792164,6.348093,3.1688766,1.7
511_11,2.6880759,5.945385,3.2573091,2.6
511_10,2.8151466,5.8947744,3.0796278,2.6
511_12,2.7514752,6.0213009,3.2698257,2.6
511_2,2.6861712,6.0003492,3.314178,2.6
511_3,2.8312005,5.9451129,3.1139124,2.6
511_5,2.6644032,5.901849,3.2374458,2.6
55_11,3.3046545,6.3445557,3.0399012,1.45
55_2,3.4807032,6.4631913,2.9824881,1.45
62_1,2.1343524,5.6757339,3.5413815,3.45
62_11,2.179521,5.6191371,3.4396161,3.45
62_2,2.2108125,5.5720638,3.3612513,3.45
62_3,2.160474,5.580771,3.420297,3.45
62_4,2.2630557,5.6373678,3.3743121,3.45
62_5,2.160474,5.5829478,3.4224738,3.45
62_6,2.1422433,5.6438982,3.5016549,3.45
62_9,2.2831911,5.569887,3.2866959,3.45
72_1,1.8437496,5.3600979,3.5163483,4.25
72_11,1.8649734,5.2398297,3.3748563,4.25
72_4,1.7803503,5.3503023,3.569952,4.25
72_12,1.7498751,5.4273066,3.6774315,4.25
72_5,1.8247026,5.311392,3.4866894,4.25
72_8,1.7871528,5.2716654,3.4845126,4.25
73_1,2.1939423,5.689611,3.4956687,3.37
73_8,2.3055033,5.5682544,3.2627511,3.37
75_1,2.0500014,5.5606356,3.5106342,3.78
75_2,2.1202032,5.5494795,3.4292763,3.78
75_7,2.0864628,5.5233579,3.4368951,3.78
75_8,2.1212916,5.5102971,3.3890055,3.78
75_4,2.0780277,5.5489353,3.4709076,3.78
75_6,2.1871398,5.5138344,3.3266946,3.78
76_11,2.2725792,5.602539,3.3299598,3.25
76_3,2.2728513,5.6267559,3.3539046,3.25
76_5,2.3414205,5.6455308,3.3041103,3.25
77_2,2.2921704,5.6640336,3.3718632,3.2
77_6,2.3000613,5.5570983,3.257037,3.2
77_8,2.4184248,5.6019948,3.18357,3.2
43_3,3.4219296,6.4112202,2.9892906,1.08
43_4,3.5383884,6.4036014,2.865213,1.08
44_1,3.5511771,6.2144919,2.6633148,1.7
44_3,3.4875057,6.3505419,2.8630362,1.7
44_6,3.4921314,6.2901357,2.7980043,1.7
44_7,3.3539046,6.3285018,2.9745972,1.7
44_9,3.594441,6.4036014,2.8091604,1.7
511_4,2.8366425,5.9407593,3.1041168,2.6
511_6,2.8230375,5.8857951,3.0627576,2.6
511_7,2.7683454,5.9219844,3.153639,2.6
511_8,2.8001811,5.9056584,3.1054773,2.6
511_9,2.8518801,5.9312358,3.0793557,2.6
55_10,3.5060085,6.3257808,2.8197723,1.45
55_5,3.5819244,6.4446885,2.8627641,1.45
55_6,3.6975669,6.3878196,2.6902527,1.45
55_7,3.5792034,6.3606096,2.7814062,1.45
55_8,3.4124061,6.3323112,2.9199051,1.45
55_9,3.569952,6.4226484,2.8526964,1.45
62_10,2.2742118,5.5995459,3.3253341,3.45
62_12,2.2793817,5.5179159,3.2385342,3.45
62_7,2.2021053,5.5200927,3.3179874,3.45
62_8,2.2812864,5.5160112,3.2347248,3.45
72_10,1.8657897,5.2371087,3.371319,4.25
72_2,1.828512,5.2169733,3.3884613,4.25
72_3,1.8434775,5.2907124,3.4472349,4.25
72_6,1.7969484,5.286903,3.4899546,4.25
72_7,1.872048,5.2969707,3.4249227,4.25
72_9,1.7928669,5.300508,3.5076411,4.25
73_10,2.3308086,5.52363,3.1928214,3.37
73_11,2.3408763,5.5070319,3.1661556,3.37
73_2,2.2929867,5.5715196,3.2785329,3.37
73_3,2.304687,5.4727473,3.1680603,3.37
73_4,2.2777491,5.5851246,3.3073755,3.37
73_5,2.2619673,5.5151949,3.2532276,3.37
73_6,2.3386995,5.5271673,3.1884678,3.37
73_7,2.3406042,5.5764174,3.2358132,3.37
75_10,2.1397944,5.3742471,3.2344527,3.78
75_11,2.1215637,5.4618633,3.3402996,3.78
75_5,2.193126,5.3334321,3.1403061,3.78
75_12,2.141427,5.463768,3.322341,3.78
75_3,2.1610182,5.4950595,3.3340413,3.78
76_10,2.5147482,5.6858016,3.1710534,3.25
76_12,2.5158366,5.7271608,3.2113242,3.25
76_2,2.4861777,5.6221302,3.1359525,3.25
76_4,2.5446792,5.6338305,3.0891513,3.25
76_6,2.5419582,5.7179094,3.1759512,3.25
76_7,2.5591005,5.6365515,3.077451,3.25
76_8,2.4878103,5.6906994,3.2028891,3.25
77_1,2.4252273,5.6055321,3.1803048,3.2
77_10,2.3925753,5.6240349,3.2314596,3.2
77_11,2.3514882,5.6485239,3.2970357,3.2
77_3,2.3604675,5.5353303,3.1748628,3.2
77_4,2.372712,5.4999573,3.1272453,3.2
77_9,2.3476788,5.6716524,3.3239736,3.2
511_1,2.8227654,5.9448408,3.1220754,2.6
55_1,3.5549865,6.3184341,2.7634476,1.45
55_3,3.7503543,6.23109,2.4807357,1.45
55_4,3.2646558,6.1753095,2.9106537,1.45
73_9,2.3623722,5.3826822,3.02031,3.37
75_9,2.1411549,5.2980591,3.1569042,3.78
76_1,2.4282204,5.5600914,3.131871,3.25
76_9,2.4565188,5.5437654,3.0872466,3.25
77_5,2.4097176,5.5176438,3.1079262,3.2
77_7,2.4453627,5.5693428,3.1239801,3.2
3C44_1,3.4496838,6.8414103,3.3917265,1.7
3C44_10,3.2793492,6.7276725,3.4483233,1.7
3C44_2,3.3917265,6.8003232,3.4085967,1.7
3C45_1,2.53053,6.2901357,3.7596057,2.85
3C45_10,2.465226,6.2887752,3.8235492,2.85
3C45_2,2.4785589,6.2656467,3.7870878,2.85
3C45_3,2.5256322,6.2226549,3.6970227,2.85
3C45_4,2.5566516,6.369861,3.8132094,2.85
3C45_5,2.4883545,6.2460555,3.757701,2.85
3C45_6,2.4622329,6.3538071,3.8915742,2.85
3C45_7,2.5280811,6.2139477,3.6858666,2.85
3C45_8,2.4279483,6.2931288,3.8651805,2.85
3C45_9,2.4646818,6.2485044,3.7838226,2.85
3C511_10,2.6059017,6.2531301,3.6472284,2.6
3C511_7,2.6388258,6.2248317,3.5860059,2.6
3C511_8,2.6507982,6.2759865,3.6251883,2.6
3C511_9,2.5925688,6.3029244,3.7103556,2.6
3C512_1,2.0758509,5.8362729,3.760422,3.7
3C512_10,2.0124516,5.9260659,3.9136143,3.7
3C512_2,1.9555827,5.8136886,3.8581059,3.7
3C512_3,2.0415663,5.8376334,3.7960671,3.7
3C512_4,2.057076,5.801172,3.744096,3.7
3C512_5,2.0753067,5.8360008,3.7606941,3.7
3C512_6,1.9144956,5.9053863,3.9908907,3.7
3C512_7,1.8617082,5.7940974,3.9323892,3.7
3C512_8,1.8578988,5.874639,4.0167402,3.7
3C512_9,2.0067375,5.820219,3.8134815,3.7
3C61_1,1.6655241,5.6226744,3.9571503,4.5
3C61_10,1.6467492,5.4425442,3.795795,4.5
3C61_2,1.6769523,5.6741013,3.997149,4.5
3C61_3,1.6930062,5.5516563,3.8586501,4.5
3C61_4,1.6426677,5.5652613,3.9225936,4.5
3C61_5,1.689741,5.5682544,3.8785134,4.5
3C61_6,1.6097436,5.5946481,3.9849045,4.5
3C61_7,1.57818,5.6789991,4.1008191,4.5
3C61_8,1.6774965,5.5440375,3.866541,4.5
3C61_9,1.4576397,5.3990082,3.9413685,4.5
3C62_4,2.1683649,5.8787205,3.7103556,3.45
3C62_10,1.8921834,5.7764109,3.8842275,3.45
3C62_5,2.1716301,5.9881047,3.8164746,3.45
3C62_7,2.1759837,5.9225286,3.7465449,3.45
3C62_9,2.1506784,5.8806252,3.7299468,3.45
3C71_10,1.6143693,5.6855295,4.0711602,4.25
3C71_2,1.7281071,5.7173652,3.9892581,4.25
3C71_3,1.6902852,5.6988624,4.0085772,4.25
3C71_5,1.8170838,5.5505679,3.7334841,4.25
3C71_7,1.6140972,5.6855295,4.0714323,4.25
3C71_9,1.7166789,5.6545101,3.9378312,4.25
3C73_10,2.1411549,5.8781763,3.7370214,3.37
3C73_4,2.2333968,5.8444359,3.6110391,3.37
3C73_5,2.2532601,5.8101513,3.5568912,3.37
3C73_6,2.209452,5.9222565,3.7128045,3.37
3C73_7,2.1893166,5.8354566,3.64614,3.37
3C73_9,2.3169315,5.8768158,3.5598843,3.37
3C44_3,3.5198856,6.6776061,3.1577205,1.7
3C44_5,3.5343069,6.7646781,3.2303712,1.7
3C44_6,3.5079132,6.7556988,3.2477856,1.7
3C44_8,3.553626,6.7088976,3.1552716,1.7
3C44_9,3.4167597,6.7603245,3.3435648,1.7
3C511_2,2.5748823,6.1208895,3.5460072,2.6
3C511_3,2.7438564,6.0607554,3.316899,2.6
3C511_4,2.799909,6.1636092,3.3637002,2.6
3C511_5,2.769978,6.1715001,3.4015221,2.6
3C55_5,3.4510443,6.7385565,3.2875122,1.45
3C55_6,3.545463,6.6871296,3.1416666,1.45
3C55_7,3.6276372,6.7227747,3.0951375,1.45
3C62_1,2.2146219,5.7761388,3.5615169,3.45
3C62_2,2.1887724,5.9021211,3.7133487,3.45
3C62_3,2.1621066,5.8096071,3.6475005,3.45
3C62_6,2.2151661,5.8928697,3.6777036,3.45
3C62_8,2.1074145,5.7342354,3.6268209,3.45
3C71_8,1.7909622,5.654238,3.8632758,4.25
3C71_6,1.648926,5.4594144,3.8104884,4.25
3C73_1,2.2249617,5.8596735,3.6347118,3.37
3C73_3,2.3367948,5.6844411,3.3476463,3.37
3C73_8,2.291082,5.7279771,3.4368951,3.37
3C77_10,2.416248,5.7649827,3.3487347,3.2
3C77_4,2.3520324,5.9029374,3.550905,3.2
3C77_5,2.1882282,5.7723294,3.5841012,3.2
3C77_7,2.2793817,5.8414428,3.5620611,3.2
3C77_9,2.2932588,5.607981,3.3147222,3.2
3C44_7,3.5038317,6.5584263,3.0545946,1.7
3C44_4,3.4129503,6.685497,3.2725467,1.7
3C511_1,2.740047,6.1910913,3.4510443,2.6
3C511_6,2.8181397,6.1559904,3.3378507,2.6
3C55_1,3.5367558,6.6887622,3.1520064,1.45
3C55_2,3.6064134,6.582099,2.9756856,1.45
3C55_3,3.5778429,6.5935272,3.0156843,1.45
3C55_4,3.5228787,6.6789666,3.1560879,1.45
3C55_8,3.5993388,6.7420938,3.142755,1.45
3C55_9,3.6526704,6.7026393,3.0499689,1.45
3C71_1,1.8181722,5.3965593,3.5783871,4.25
3C71_4,1.8600756,5.5102971,3.6502215,4.25
3C73_2,2.3093127,5.6602242,3.3509115,3.37
3C77_1,2.2948914,5.9355894,3.640698,3.2
3C77_2,2.4391044,5.6509728,3.2118684,3.2
3C77_3,2.3253666,5.8354566,3.51009,3.2
3C77_6,2.3588349,5.8572246,3.4983897,3.2
3C77_8,2.3898543,5.6800875,3.2902332,3.2
3C55_10,3.6387933,6.6653616,3.0265683,1.45
4C44_3,3.3120012,7.1252106,3.8132094,1.7
4C44_9,3.2600301,7.0775931,3.817563,1.7
4C45_1,2.4799194,6.5872689,4.1073495,2.85
4C45_2,2.5337952,6.7050882,4.171293,2.85
4C45_3,2.4157038,6.573936,4.1582322,2.85
4C45_4,2.4279483,6.5818269,4.1538786,2.85
4C45_5,2.4807357,6.617472,4.1367363,2.85
4C45_6,2.4121665,6.6533892,4.2412227,2.85
4C45_7,2.5161087,6.6014181,4.0853094,2.85
4C45_8,2.1991122,6.4607424,4.2616302,2.85
4C511_2,2.5188297,6.6471309,4.1283012,2.6
4C511_9,2.4918918,6.5050947,4.0132029,2.6
4C512_1,1.9528617,6.1421133,4.1892516,3.7
4C512_2,1.9463313,6.2381646,4.2918333,3.7
4C512_3,2.0200704,6.1837446,4.1636742,3.7
4C512_4,1.9539501,6.1897308,4.2357807,3.7
4C512_5,1.8546336,6.1728606,4.318227,3.7
4C512_6,2.0312265,6.1100055,4.078779,3.7
4C512_7,2.04075,6.2136756,4.1729256,3.7
4C512_8,2.0208867,6.2017032,4.1808165,3.7
4C512_9,1.9866021,6.1701396,4.1835375,3.7
4C61_1,1.6160019,5.8161375,4.2001356,4.5
4C61_10,1.5743706,5.8085187,4.2341481,4.5
4C61_2,1.5498816,5.8506942,4.3008126,4.5
4C61_3,1.6429398,5.8830741,4.2401343,4.5
4C61_4,1.4995431,5.8588572,4.3593141,4.5
4C61_5,1.6168182,5.8291983,4.2123801,4.5
4C61_6,1.6179066,5.8642992,4.2463926,4.5
4C61_7,1.6483818,5.8588572,4.2104754,4.5
4C61_8,1.6794012,5.899128,4.2197268,4.5
4C61_9,1.5558678,5.8207632,4.2648954,4.5
4C62_2,2.1574809,6.1913634,4.0338825,3.45
4C62_6,2.182242,6.2114988,4.0292568,3.45
4C62_7,2.0976189,6.1535415,4.0559226,3.45
4C72_5,1.6619868,5.9135493,4.2515625,4.25
4C72_7,1.7351817,5.9905536,4.2553719,4.25
4C72_8,1.7036181,5.8308309,4.1272128,4.25
4C72_9,1.6731429,5.9007606,4.2276177,4.25
4C73_3,1.9866021,6.1361271,4.149525,3.37
4C73_5,2.1746232,6.1500042,3.975381,3.37
4C44_1,3.2564928,7.0814025,3.8249097,1.7
4C44_10,3.4317252,7.1660256,3.7343004,1.7
4C44_5,3.2662884,6.9317475,3.6654591,1.7
4C44_6,3.2929542,7.0642602,3.771306,1.7
4C44_7,3.0809883,7.0367781,3.9557898,1.7
4C44_8,3.3030219,7.0971843,3.7941624,1.7
4C511_3,2.4663144,6.3739425,3.9076281,2.6
4C511_4,2.5280811,6.4909455,3.9628644,2.6
4C511_5,2.3980173,6.3872754,3.9892581,2.6
4C511_8,2.7359655,6.5434608,3.8074953,2.6
4C55_3,3.3511836,6.862362,3.5111784,1.45
4C55_7,3.1702371,6.875967,3.7057299,1.45
4C62_1,2.1727185,6.2340831,4.0613646,3.45
4C62_5,2.1599298,6.0936795,3.9337497,3.45
4C62_8,2.1966633,6.1061961,3.9095328,3.45
4C62_9,2.0100027,6.1617045,4.1517018,3.45
4C72_1,1.7613033,5.882802,4.1214987,4.25
4C72_2,1.7710989,5.8297425,4.0586436,4.25
4C72_4,1.589064,5.6583195,4.0692555,4.25
4C73_4,2.2255059,6.1568067,3.9313008,3.37
4C73_7,2.0908164,5.9464734,3.855657,3.37
4C77_1,2.0943537,6.1935402,4.0991865,3.2
4C77_7,2.1485016,6.1633371,4.0148355,3.2
4C77_8,2.2535322,6.103203,3.8496708,3.2
4C44_2,3.4491396,6.8990955,3.4499559,1.7
4C44_4,3.4186644,6.9102516,3.4915872,1.7
4C511_6,2.7887529,6.5393793,3.7506264,2.6
4C55_1,3.4110456,7.0071192,3.5960736,1.45
4C55_2,3.2502345,6.9660321,3.7157976,1.45
4C55_4,3.6382491,7.0016772,3.3634281,1.45
4C55_5,3.5677752,7.0299756,3.4622004,1.45
4C55_8,3.6194742,7.0533762,3.433902,1.45
4C55_9,3.5691357,7.0373223,3.4681866,1.45
4C62_3,2.1816978,6.108645,3.9269472,3.45
4C62_4,1.997214,5.9984445,4.0012305,3.45
4C72_3,1.8113697,5.7769551,3.9655854,4.25
4C72_6,1.8018462,5.6561427,3.8542965,4.25
4C73_1,2.2793817,5.9276985,3.6483168,3.37
4C73_2,2.2236012,5.9603505,3.7367493,3.37
4C77_2,2.3022381,6.0612996,3.7590615,3.2
4C77_4,2.2889052,6.0430689,3.7541637,3.2
4C77_9,2.3520324,6.1045635,3.7525311,3.2
4C511_1,2.636649,6.2536743,3.6170253,2.6
4C511_7,2.7433122,6.4313556,3.6880434,2.6
4C55_6,2.862492,6.6484914,3.7859994,1.45
4C62_10,2.1085029,5.8925976,3.7840947,3.45
4C73_8,2.3253666,5.9203518,3.5949852,3.37
4C77_3,2.2902657,5.9440245,3.6537588,3.2
4C77_5,2.3253666,5.9600784,3.6347118,3.2
4C73_6,1.828512,5.5437654,3.7152534,3.37
4C77_6,2.3942079,5.8917813,3.4975734,3.2
